,year,genre,region,sales
count,1556.0,1556,1556,1556.0
unique,,12,4,
top,,Action,EU,
freq,,152,389,
mean,2000.043701799486,,,5.665719794344473
std,10.05915072766201,,,9.323157749069722
min,1980.0,,,0.0
25%,1992.0,,,0.45749999999999996
50%,2000.0,,,2.13
75%,2009.0,,,6.3125
max,2020.0,,,72.91
